Outfit,likes,19,25,28,261,21,237,49,17,27,104,18,4,2,4495,41,29,4496,11,24,7,241,9,8,26,240,263,236
199683429,14,../Images/199683429/1.jpg,../Images/199683429/2.jpg,../Images/199683429/3.jpg,../Images/199683429/4.jpg,,,,,,,,,,,,,,,,,,,,,,,
122754559,8,,../Images/122754559/2.jpg,,,../Images/122754559/1.jpg,../Images/122754559/3.jpg,../Images/122754559/4.jpg,,,,,,,,,,,,,,,,,,,,
208049788,452,,,,,../Images/208049788/1.jpg,,../Images/208049788/4.jpg,../Images/208049788/2.jpg,../Images/208049788/3.jpg,,,,,,,,,,,,,,,,,,
171294961,25,,,,../Images/171294961/4.jpg,,../Images/171294961/3.jpg,,,,../Images/171294961/1.jpg,../Images/171294961/2.jpg,,,,,,,,,,,,,,,,
203338168,16,,../Images/203338168/2.jpg,,,../Images/203338168/1.jpg,../Images/203338168/3.jpg,../Images/203338168/4.jpg,,,,,,,,,,,,,,,,,,,,
206706910,426,,../Images/206706910/2.jpg,,,,../Images/206706910/3.jpg,,,,,,,,../Images/206706910/1.jpg,../Images/206706910/4.jpg,,,,,,,,,,,,
149382460,6,,,,,../Images/149382460/4.jpg,../Images/149382460/7.jpg,../Images/149382460/8.jpg,../Images/149382460/2.jpg,,,,../Images/149382460/1.jpg,,../Images/149382460/3.jpg,,../Images/149382460/6.jpg,,,,,,,,,,,
216642765,3,,,,,../Images/216642765/5.jpg,,,,,../Images/216642765/6.jpg,,,../Images/216642765/8.jpg,,,,../Images/216642765/2.jpg,../Images/216642765/7.jpg,,,,,,,,,
110740725,2,../Images/110740725/1.jpg,../Images/110740725/7.jpg,,,,,,../Images/110740725/5.jpg,../Images/110740725/8.jpg,../Images/110740725/6.jpg,,,,,,,,../Images/110740725/4.jpg,,,,,,,,,
165228703,2,,,,,../Images/165228703/1.jpg,,../Images/165228703/4.jpg,,,,,,,,,../Images/165228703/3.jpg,,,../Images/165228703/2.jpg,,,,,,,,
214625379,56,,../Images/214625379/2.jpg,,../Images/214625379/4.jpg,,,,,../Images/214625379/3.jpg,../Images/214625379/1.jpg,,,,,,,,,,,,,,,,,
174573260,6,,,,,../Images/174573260/1.jpg,../Images/174573260/5.jpg,../Images/174573260/8.jpg,../Images/174573260/4.jpg,,,,,,,,../Images/174573260/7.jpg,,../Images/174573260/3.jpg,,../Images/174573260/6.jpg,,,,,,,
116931316,29,,,,,,,../Images/116931316/5.jpg,,,../Images/116931316/1.jpg,,,,../Images/116931316/2.jpg,,../Images/116931316/4.jpg,,,,,,,,,,,
184841489,23,,../Images/184841489/2.jpg,,../Images/184841489/4.jpg,,,,,,../Images/184841489/1.jpg,,,,,,,,,,,,../Images/184841489/3.jpg,,,,,
209461564,29,../Images/209461564/3.jpg,,,,,../Images/209461564/7.jpg,../Images/209461564/8.jpg,,,../Images/209461564/4.jpg,,,,,,../Images/209461564/6.jpg,,,,,,,,,,,
189741381,34,,../Images/189741381/2.jpg,,,../Images/189741381/1.jpg,../Images/189741381/3.jpg,,,,,,,,,../Images/189741381/4.jpg,,,,,,,,,,,,
212391515,611,,,,,../Images/212391515/2.jpg,,../Images/212391515/4.jpg,,,,,,,,,../Images/212391515/3.jpg,,,,,,,,,,,
215898147,78,,../Images/215898147/2.jpg,,../Images/215898147/4.jpg,../Images/215898147/1.jpg,,,,,,,,,,,,,,,,,,../Images/215898147/3.jpg,,,,
171903790,21,,,,../Images/171903790/4.jpg,../Images/171903790/2.jpg,../Images/171903790/3.jpg,,,,,,,,,,,,../Images/171903790/1.jpg,,,,,,,,,
193120939,10,,,,,,../Images/193120939/3.jpg,../Images/193120939/4.jpg,,,,,,,,,,,../Images/193120939/1.jpg,,,,,,../Images/193120939/2.jpg,,,
216888986,307,,../Images/216888986/2.jpg,,,../Images/216888986/1.jpg,../Images/216888986/3.jpg,../Images/216888986/4.jpg,,,,,,,,,,,,,,,,,,,,
182850881,14,,../Images/182850881/4.jpg,,,,,,,,,,../Images/182850881/1.jpg,,,,../Images/182850881/8.jpg,,../Images/182850881/3.jpg,,../Images/182850881/7.jpg,,,../Images/182850881/6.jpg,../Images/182850881/5.jpg,,,
196202215,18,../Images/196202215/1.jpg,../Images/196202215/5.jpg,../Images/196202215/6.jpg,,../Images/196202215/3.jpg,../Images/196202215/8.jpg,,../Images/196202215/2.jpg,,,,,,,,,,,../Images/196202215/4.jpg,,../Images/196202215/7.jpg,,,,,,
176199865,1873,,,,,../Images/176199865/1.jpg,,../Images/176199865/4.jpg,,,,,,,,,../Images/176199865/3.jpg,,,,,../Images/176199865/2.jpg,,,,,,
177013186,13,,,,,../Images/177013186/1.jpg,,../Images/177013186/4.jpg,,../Images/177013186/3.jpg,,,,,,,,,,../Images/177013186/2.jpg,,,,,,,,
216671120,9,,../Images/216671120/2.jpg,,,,,../Images/216671120/4.jpg,../Images/216671120/1.jpg,,,,,,,,,,,,,,../Images/216671120/3.jpg,,,,,
206361783,17,,../Images/206361783/3.jpg,,../Images/206361783/8.jpg,../Images/206361783/1.jpg,../Images/206361783/6.jpg,,,,,,,,,,,,../Images/206361783/2.jpg,../Images/206361783/4.jpg,,,,,,../Images/206361783/5.jpg,,
216332732,657,../Images/216332732/2.jpg,../Images/216332732/3.jpg,../Images/216332732/4.jpg,../Images/216332732/5.jpg,../Images/216332732/1.jpg,,,,,,,,,,,,,,,,,,,,,,
212611224,36,,../Images/212611224/2.jpg,,,,../Images/212611224/3.jpg,../Images/212611224/4.jpg,,,../Images/212611224/1.jpg,,,,,,,,,,,,,,,,,
121598675,28,,,,,../Images/121598675/3.jpg,,../Images/121598675/8.jpg,,,,,,,,,,,../Images/121598675/4.jpg,,,,,,,,,
214175215,12,../Images/214175215/2.jpg,,,../Images/214175215/8.jpg,,,,,,,,,,../Images/214175215/3.jpg,,,,../Images/214175215/1.jpg,../Images/214175215/5.jpg,,../Images/214175215/6.jpg,,,,../Images/214175215/7.jpg,,
188107353,19,,../Images/188107353/2.jpg,../Images/188107353/3.jpg,,,,,../Images/188107353/1.jpg,,,,,,,,,,,,,,,,,,../Images/188107353/4.jpg,
177011397,16,,../Images/177011397/4.jpg,../Images/177011397/5.jpg,,,,../Images/177011397/6.jpg,,,,,,,../Images/177011397/1.jpg,,,,,../Images/177011397/3.jpg,,,,,,,,
115979349,37,,../Images/115979349/1.jpg,,,,,../Images/115979349/4.jpg,,../Images/115979349/2.jpg,,,,../Images/115979349/3.jpg,,,,,,,,,,,,,,
196141498,23,,,,,../Images/196141498/2.jpg,,../Images/196141498/4.jpg,,,,,,,,,,,../Images/196141498/1.jpg,,,,,,,../Images/196141498/3.jpg,,
175295406,239,,,,../Images/175295406/4.jpg,,,,,,,,,,,,../Images/175295406/3.jpg,,../Images/175295406/1.jpg,,,,,,../Images/175295406/2.jpg,,,
169641320,6,,,,,../Images/169641320/4.jpg,../Images/169641320/7.jpg,,,,../Images/169641320/3.jpg,,,,,,../Images/169641320/8.jpg,,,,,,,,,,,
154754035,120,../Images/154754035/1.jpg,,,,,../Images/154754035/4.jpg,../Images/154754035/6.jpg,,,,,,,../Images/154754035/2.jpg,,,,,,,../Images/154754035/3.jpg,,,,,,
200664553,21,../Images/200664553/1.jpg,,,,,../Images/200664553/7.jpg,,,../Images/200664553/8.jpg,../Images/200664553/3.jpg,,,,,,,,../Images/200664553/4.jpg,,,,,,,,,
199276304,17,,../Images/199276304/2.jpg,,../Images/199276304/4.jpg,,../Images/199276304/3.jpg,,,,../Images/199276304/1.jpg,,,,,,,,,,,,,,,,,
144132157,7,../Images/144132157/1.jpg,,,,../Images/144132157/2.jpg,,../Images/144132157/5.jpg,,,,,,,,,../Images/144132157/3.jpg,,,,,,,,,,,
114576357,27,,,../Images/114576357/5.jpg,../Images/114576357/8.jpg,../Images/114576357/2.jpg,,,,,../Images/114576357/1.jpg,,,,,../Images/114576357/7.jpg,,,,../Images/114576357/3.jpg,,../Images/114576357/6.jpg,,,../Images/114576357/4.jpg,,,
213771157,191,../Images/213771157/1.jpg,,,../Images/213771157/4.jpg,,,,,,,,,,,,,,,../Images/213771157/2.jpg,,,../Images/213771157/3.jpg,,,,,
211044817,5,../Images/211044817/1.jpg,,,../Images/211044817/4.jpg,,,,,../Images/211044817/3.jpg,,,,,,,,,,../Images/211044817/2.jpg,,,,,,,,
193150048,1356,,../Images/193150048/2.jpg,,,../Images/193150048/1.jpg,,../Images/193150048/4.jpg,,,,,,,,,,,,,,,,,,../Images/193150048/3.jpg,,
129813763,60,,,,../Images/129813763/4.jpg,,,,../Images/129813763/1.jpg,,,,,,,,,,,,,,,../Images/129813763/3.jpg,,,,../Images/129813763/2.jpg
183520035,39,,../Images/183520035/2.jpg,,../Images/183520035/4.jpg,,,,../Images/183520035/1.jpg,,,,,,,,,,,,,../Images/183520035/3.jpg,,,,,,
183520034,25,,../Images/183520034/2.jpg,,../Images/183520034/4.jpg,,,,../Images/183520034/1.jpg,,,,,,,,,,,,,../Images/183520034/3.jpg,,,,,,
100909042,3,,../Images/100909042/2.jpg,,../Images/100909042/4.jpg,,,,,,,,,,,,,,../Images/100909042/1.jpg,,../Images/100909042/3.jpg,,,,,,,
184482412,7,,,,,../Images/184482412/2.jpg,../Images/184482412/3.jpg,../Images/184482412/4.jpg,,,,,,,,,,,../Images/184482412/1.jpg,,,,,,,,,
172832520,66,,,,,../Images/172832520/3.jpg,../Images/172832520/7.jpg,../Images/172832520/8.jpg,,,../Images/172832520/2.jpg,,,,,,,,../Images/172832520/4.jpg,,,,,,,,,
215449383,241,,,../Images/215449383/3.jpg,,../Images/215449383/1.jpg,,,,,,,,,,../Images/215449383/5.jpg,,,,../Images/215449383/2.jpg,,,,,,,,
174053567,7,../Images/174053567/2.jpg,,,,,../Images/174053567/3.jpg,../Images/174053567/4.jpg,../Images/174053567/1.jpg,,,,,,,,,,,,,,,,,,,
193401798,3,,../Images/193401798/2.jpg,,,,../Images/193401798/3.jpg,,,,,,,,,,,,../Images/193401798/1.jpg,,,,,,,,../Images/193401798/4.jpg,
211971171,31,,../Images/211971171/2.jpg,,../Images/211971171/4.jpg,,,,,,,,,,,,,,../Images/211971171/1.jpg,,,,../Images/211971171/3.jpg,,,,,
194510506,107,,../Images/194510506/2.jpg,,,,,,,,,,,,,../Images/194510506/4.jpg,,,../Images/194510506/1.jpg,,,../Images/194510506/3.jpg,,,,,,
188132321,33,,,,../Images/188132321/4.jpg,../Images/188132321/1.jpg,../Images/188132321/3.jpg,,,,,,,,,,,,,../Images/188132321/2.jpg,,,,,,,,
188950893,178,,,,,,,../Images/188950893/5.jpg,,../Images/188950893/4.jpg,,,,,../Images/188950893/3.jpg,,,,,,,,,,,,,
150697545,70,,,,../Images/150697545/4.jpg,,../Images/150697545/3.jpg,,,,,,,,,,,,../Images/150697545/1.jpg,,,,,,,,,../Images/150697545/2.jpg
213153973,12,,../Images/213153973/2.jpg,,../Images/213153973/5.jpg,../Images/213153973/1.jpg,../Images/213153973/3.jpg,,,,,,,,,,,,,,,,,,,,,
209504008,23,,../Images/209504008/2.jpg,../Images/209504008/3.jpg,,,,../Images/209504008/4.jpg,,,,,,,,,,,../Images/209504008/1.jpg,,,,,,,,,
180061156,288,,../Images/180061156/2.jpg,,../Images/180061156/4.jpg,,,,,,,,,../Images/180061156/3.jpg,,,,,../Images/180061156/1.jpg,,,,,,,,,
184907475,26,../Images/184907475/4.jpg,,,,../Images/184907475/5.jpg,,,../Images/184907475/6.jpg,,,../Images/184907475/3.jpg,../Images/184907475/1.jpg,,,,,,,../Images/184907475/8.jpg,,,,,,,,
118498301,11,,,,,,,../Images/118498301/4.jpg,,,../Images/118498301/2.jpg,../Images/118498301/1.jpg,,,,,../Images/118498301/3.jpg,,,,,,,,,,,
156099264,10,,../Images/156099264/2.jpg,,../Images/156099264/4.jpg,,,,,,,,,,,,,,../Images/156099264/1.jpg,,,,,../Images/156099264/3.jpg,,,,
188131862,28,,../Images/188131862/2.jpg,,../Images/188131862/4.jpg,../Images/188131862/1.jpg,,,,,,,,,,,,,,,,,,,,../Images/188131862/3.jpg,,
188189244,2,,../Images/188189244/4.jpg,,,,../Images/188189244/6.jpg,../Images/188189244/8.jpg,,,../Images/188189244/2.jpg,,,,,,,,,../Images/188189244/3.jpg,,../Images/188189244/5.jpg,,,,,,
199535357,2,,../Images/199535357/6.jpg,../Images/199535357/8.jpg,,,,,,,,,../Images/199535357/1.jpg,,,,,,../Images/199535357/4.jpg,../Images/199535357/5.jpg,,,,../Images/199535357/7.jpg,,,,
202668630,122,,,../Images/202668630/6.jpg,,,,,../Images/202668630/2.jpg,,../Images/202668630/3.jpg,,,,,,,,,,../Images/202668630/8.jpg,,,../Images/202668630/7.jpg,,,,../Images/202668630/5.jpg
173559431,41,,../Images/173559431/2.jpg,,,,,../Images/173559431/4.jpg,,,,,,,,,../Images/173559431/3.jpg,,../Images/173559431/1.jpg,,,,,,,,,
216336193,70,../Images/216336193/1.jpg,,,,,,../Images/216336193/4.jpg,,,,,,,,,,,../Images/216336193/2.jpg,,,,../Images/216336193/3.jpg,,,,,
131210498,56,,../Images/131210498/2.jpg,,../Images/131210498/4.jpg,,,,,,,,,,,,,,../Images/131210498/1.jpg,,,,,../Images/131210498/3.jpg,,,,
136886949,16,,,../Images/136886949/4.jpg,../Images/136886949/5.jpg,,,,,,../Images/136886949/1.jpg,,,../Images/136886949/6.jpg,,,,,../Images/136886949/2.jpg,,,,,,,../Images/136886949/3.jpg,,
192481909,35,../Images/192481909/1.jpg,,,../Images/192481909/4.jpg,,,,,,,,,,,,,,,../Images/192481909/2.jpg,,../Images/192481909/3.jpg,,,,,,
194450363,8,,,,,../Images/194450363/1.jpg,../Images/194450363/3.jpg,../Images/194450363/4.jpg,,,,,,,,,,,,../Images/194450363/2.jpg,,,,,,,,
213122862,277,../Images/213122862/1.jpg,../Images/213122862/2.jpg,,../Images/213122862/4.jpg,,../Images/213122862/3.jpg,,,,,,,,,,,,,,,,,,,,,
193728321,295,,../Images/193728321/2.jpg,,../Images/193728321/4.jpg,,../Images/193728321/3.jpg,,,,,,,,../Images/193728321/1.jpg,,,,,,,,,,,,,
137996677,104,,,,../Images/137996677/4.jpg,../Images/137996677/1.jpg,../Images/137996677/3.jpg,,,,,,,,,,,,,../Images/137996677/2.jpg,,,,,,,,
196791334,155,,,,,,,../Images/196791334/4.jpg,,,,,,../Images/196791334/3.jpg,,,../Images/196791334/2.jpg,../Images/196791334/1.jpg,,,,,,,,,,
138060975,7,,,,,,,../Images/138060975/4.jpg,,,../Images/138060975/1.jpg,,,,,,,,,../Images/138060975/2.jpg,,../Images/138060975/3.jpg,,,,,,
213962289,33,../Images/213962289/2.jpg,,,../Images/213962289/4.jpg,../Images/213962289/1.jpg,../Images/213962289/3.jpg,,,,,,,,,,,,,,,,,,,,,
191653017,15,,../Images/191653017/2.jpg,,../Images/191653017/4.jpg,,,,,,,,,,../Images/191653017/1.jpg,,,,,,,,,,,../Images/191653017/3.jpg,,
128047829,16,,../Images/128047829/4.jpg,,../Images/128047829/8.jpg,../Images/128047829/2.jpg,../Images/128047829/7.jpg,,,,,,,,,,,,../Images/128047829/3.jpg,../Images/128047829/5.jpg,,,,,,,,
138778089,7,,../Images/138778089/2.jpg,,../Images/138778089/4.jpg,,,,,,../Images/138778089/1.jpg,,,,,,,,,,,,,../Images/138778089/3.jpg,,,,
188542186,393,,../Images/188542186/2.jpg,,../Images/188542186/4.jpg,,../Images/188542186/3.jpg,,../Images/188542186/1.jpg,,,,,,,,,,,,,,,,,,,
216262892,158,../Images/216262892/1.jpg,../Images/216262892/4.jpg,,../Images/216262892/3.jpg,,,,,../Images/216262892/2.jpg,,,,,,,,,,,,,,,,,,
169309235,2,,,,../Images/169309235/4.jpg,,../Images/169309235/3.jpg,,../Images/169309235/1.jpg,,,,,,,,,,../Images/169309235/2.jpg,,,,,,,,,
191838635,3,,../Images/191838635/2.jpg,,../Images/191838635/4.jpg,,,,,,,,,,,,,,../Images/191838635/1.jpg,,,../Images/191838635/3.jpg,,,,,,
101311946,5,../Images/101311946/4.jpg,,,,../Images/101311946/3.jpg,,,,,,,,,,,../Images/101311946/6.jpg,,../Images/101311946/5.jpg,,,,,,,,,
214328984,25,,,,,../Images/214328984/1.jpg,../Images/214328984/3.jpg,../Images/214328984/4.jpg,,,../Images/214328984/2.jpg,,,,,,,,,,,,,,,,,
201396106,12,,,,../Images/201396106/8.jpg,../Images/201396106/3.jpg,../Images/201396106/7.jpg,,,,../Images/201396106/1.jpg,,,,,,../Images/201396106/4.jpg,,,,,,,,,,,
179108235,21,../Images/179108235/1.jpg,,,,,../Images/179108235/3.jpg,,,,,,,../Images/179108235/2.jpg,,../Images/179108235/4.jpg,,,,,,,,,,,,
211292942,1222,../Images/211292942/1.jpg,../Images/211292942/2.jpg,,../Images/211292942/5.jpg,,,,,../Images/211292942/4.jpg,,,,../Images/211292942/3.jpg,,,,,,,,,,,,,,
176902416,10,,,,../Images/176902416/4.jpg,,../Images/176902416/3.jpg,,,,,,,,,,,,../Images/176902416/2.jpg,,,,,,,,,
185744352,30,../Images/185744352/3.jpg,../Images/185744352/6.jpg,,,,../Images/185744352/8.jpg,,,,,../Images/185744352/1.jpg,,,,,,,,../Images/185744352/5.jpg,,,,,,../Images/185744352/7.jpg,,
213943001,30,,../Images/213943001/2.jpg,,,,,../Images/213943001/4.jpg,,,,,,,,,,,../Images/213943001/1.jpg,,,,,,,../Images/213943001/3.jpg,,
213050589,26,,,,,../Images/213050589/1.jpg,../Images/213050589/3.jpg,../Images/213050589/5.jpg,,,,,,../Images/213050589/2.jpg,,,,,,,,,,../Images/213050589/4.jpg,,,,
168810306,3,,,,,,,,../Images/168810306/1.jpg,../Images/168810306/3.jpg,,,,,,../Images/168810306/4.jpg,,,,../Images/168810306/2.jpg,,,,,,,,
188922081,22,,../Images/188922081/2.jpg,,../Images/188922081/4.jpg,../Images/188922081/1.jpg,../Images/188922081/3.jpg,,,,,,,,,,,,,,,,,,,,,
215844858,19,,,,,,,../Images/215844858/4.jpg,,,../Images/215844858/1.jpg,../Images/215844858/2.jpg,,,,,,,,,,../Images/215844858/3.jpg,,,,,,
205480895,7,,,,,../Images/205480895/6.jpg,../Images/205480895/7.jpg,,,,,,../Images/205480895/1.jpg,,,,,,../Images/205480895/4.jpg,,,../Images/205480895/8.jpg,,,,,,
184689734,142,,../Images/184689734/2.jpg,,../Images/184689734/4.jpg,,,,,,,,,../Images/184689734/3.jpg,../Images/184689734/1.jpg,,,,,,,,,,,,,
178479405,6,,../Images/178479405/2.jpg,,,../Images/178479405/1.jpg,,,,,,,,,,,,,,,,,,../Images/178479405/3.jpg,,,../Images/178479405/4.jpg,
215356262,29,,,,../Images/215356262/4.jpg,,,,,,,../Images/215356262/1.jpg,,,../Images/215356262/2.jpg,,../Images/215356262/3.jpg,,,,,,,,,,,
195166799,16,,../Images/195166799/2.jpg,,../Images/195166799/4.jpg,,,,,,,,,,,,,,../Images/195166799/1.jpg,,,,../Images/195166799/3.jpg,,,,,
213837982,20,../Images/213837982/1.jpg,../Images/213837982/2.jpg,,../Images/213837982/5.jpg,,,,,,,,,../Images/213837982/3.jpg,,,,,,,,,,,,,,
150695149,4,,../Images/150695149/2.jpg,,../Images/150695149/4.jpg,,../Images/150695149/3.jpg,,,,,,,,,,,,../Images/150695149/1.jpg,,,,,,,,,
214478949,122,../Images/214478949/2.jpg,,,../Images/214478949/4.jpg,,../Images/214478949/3.jpg,,,,,,,,,,,,,,,,,,,,,
216093717,698,../Images/216093717/1.jpg,,,../Images/216093717/4.jpg,,,,,../Images/216093717/3.jpg,,,,,,,,,,../Images/216093717/2.jpg,,,,,,,,
108567518,13,,,,../Images/108567518/4.jpg,../Images/108567518/1.jpg,,,,,,,,,,,,,,../Images/108567518/2.jpg,,,,,,../Images/108567518/3.jpg,,
212054320,357,,../Images/212054320/2.jpg,,,,,../Images/212054320/4.jpg,,,../Images/212054320/1.jpg,,,,,,,,,,,,,,,../Images/212054320/3.jpg,,
212871245,114,,,,,,,../Images/212871245/4.jpg,,,,,,,,,../Images/212871245/3.jpg,,../Images/212871245/2.jpg,,,,,,,,,
184959747,50,,../Images/184959747/6.jpg,,,../Images/184959747/4.jpg,,,,,,,,,,,,../Images/184959747/1.jpg,../Images/184959747/5.jpg,,,../Images/184959747/8.jpg,,,,,,
151610138,6,,../Images/151610138/2.jpg,,,,../Images/151610138/3.jpg,../Images/151610138/4.jpg,,,../Images/151610138/1.jpg,,,,,,,,,,,,,,,,,
212489439,527,,,,,,../Images/212489439/3.jpg,,,,,,,../Images/212489439/2.jpg,../Images/212489439/1.jpg,,,,,,,,,,,,../Images/212489439/4.jpg,
151982595,6,,../Images/151982595/2.jpg,,../Images/151982595/7.jpg,../Images/151982595/1.jpg,,,,,,,,,,,,,,,,../Images/151982595/5.jpg,,../Images/151982595/4.jpg,,,,../Images/151982595/3.jpg
164701178,21,,,,,../Images/164701178/3.jpg,../Images/164701178/7.jpg,,,,../Images/164701178/1.jpg,,,,,,../Images/164701178/6.jpg,../Images/164701178/4.jpg,../Images/164701178/5.jpg,,,../Images/164701178/8.jpg,,,,,,
122342892,25,,../Images/122342892/2.jpg,,,,,../Images/122342892/4.jpg,,,,,,,,,../Images/122342892/3.jpg,,../Images/122342892/1.jpg,,,,,,,,,
112415841,372,,,,,,,../Images/112415841/4.jpg,,,,,,,,,../Images/112415841/3.jpg,,../Images/112415841/1.jpg,../Images/112415841/2.jpg,,,,,,,,
143829333,1372,,../Images/143829333/3.jpg,,,../Images/143829333/1.jpg,../Images/143829333/4.jpg,../Images/143829333/5.jpg,,,,,,,,,,,,,,,,,,,,
